[
null,
{"id":1,"list":[{"code":355,"indent":0,"parameters":["  var isEnemyActionEnd = BattleManager.isActionForced() || BattleManager._phase === 'turn' && !BattleManager._processingForcedAction && !BattleManager.checkBattleEnd();"]},{"code":655,"indent":0,"parameters":["  if (isEnemyActionEnd) {"]},{"code":655,"indent":0,"parameters":["    if (!$gameSwitches.value(1)) {"]},{"code":655,"indent":0,"parameters":["      $gameSwitches.setValue(1, true);"]},{"code":655,"indent":0,"parameters":["      $gameActors.actor(1).gainMp(10);"]},{"code":655,"indent":0,"parameters":["      $gameActors.actor(1).startDamagePopup();"]},{"code":655,"indent":0,"parameters":["      $gameVariables.setValue(15,$gameVariables.value(15)+1)"]},{"code":655,"indent":0,"parameters":["　　　$gameTemp.reserveCommonEvent(3);"]},{"code":655,"indent":0,"parameters":["    }"]},{"code":655,"indent":0,"parameters":["  } else {"]},{"code":655,"indent":0,"parameters":["    $gameSwitches.setValue(1, false);"]},{"code":655,"indent":0,"parameters":["  }"]},{"code":0,"indent":0,"parameters":[]}],"name":"","switchId":1,"trigger":0},
{"id":2,"list":[{"code":355,"indent":0,"parameters":["var isEnemyActionEnd = BattleManager.isActionForced() || (BattleManager._phase === 'turn' && !BattleManager._processingForcedAction && !BattleManager.checkBattleEnd() && BattleManager._subject.isEnemy());"]},{"code":655,"indent":0,"parameters":["if (isEnemyActionEnd) {"]},{"code":655,"indent":0,"parameters":["  if (!$gameSwitches.value(1)) {"]},{"code":655,"indent":0,"parameters":["    $gameSwitches.setValue(1, true);"]},{"code":655,"indent":0,"parameters":["    $gameActors.actor(1).gainMp(10);"]},{"code":655,"indent":0,"parameters":["    $gameActors.actor(1).startDamagePopup();"]},{"code":655,"indent":0,"parameters":["    $gameVariables.setValue(15,$gameVariables.value(15)+1)"]},{"code":655,"indent":0,"parameters":["    $gameTemp.reserveCommonEvent(3);"]},{"code":655,"indent":0,"parameters":["  }"]},{"code":655,"indent":0,"parameters":["} else {"]},{"code":655,"indent":0,"parameters":["  $gameSwitches.setValue(1, false);"]},{"code":655,"indent":0,"parameters":["}"]},{"code":0,"indent":0,"parameters":[]}],"name":"","switchId":1,"trigger":0},
{"id":3,"list":[{"code":111,"indent":0,"parameters":[1,15,0,5,0]},{"code":230,"indent":1,"parameters":[10]},{"code":232,"indent":1,"parameters":[9,0,1,0,0,0,400,400,0,0,60,false]},{"code":355,"indent":1,"parameters":["ConfigManager['bgmVolume'] = 20;"]},{"code":230,"indent":1,"parameters":[10]},{"code":355,"indent":1,"parameters":["ConfigManager['bgmVolume'] = 30;"]},{"code":230,"indent":1,"parameters":[10]},{"code":355,"indent":1,"parameters":["ConfigManager['bgmVolume'] = 40;"]},{"code":230,"indent":1,"parameters":[10]},{"code":355,"indent":1,"parameters":["ConfigManager['bgmVolume'] = 60;"]},{"code":230,"indent":1,"parameters":[10]},{"code":355,"indent":1,"parameters":["ConfigManager['bgmVolume'] = 70;"]},{"code":230,"indent":1,"parameters":[10]},{"code":235,"indent":1,"parameters":[9]},{"code":0,"indent":1,"parameters":[]},{"code":412,"indent":0,"parameters":[]},{"code":111,"indent":0,"parameters":[1,15,0,6,0]},{"code":250,"indent":1,"parameters":[{"name":"素数11","volume":70,"pitch":100,"pan":0}]},{"code":0,"indent":1,"parameters":[]},{"code":412,"indent":0,"parameters":[]},{"code":111,"indent":0,"parameters":[1,15,0,7,0]},{"code":250,"indent":1,"parameters":[{"name":"素数13","volume":70,"pitch":100,"pan":0}]},{"code":0,"indent":1,"parameters":[]},{"code":412,"indent":0,"parameters":[]},{"code":111,"indent":0,"parameters":[1,15,0,8,0]},{"code":250,"indent":1,"parameters":[{"name":"素数17","volume":40,"pitch":100,"pan":0}]},{"code":0,"indent":1,"parameters":[]},{"code":412,"indent":0,"parameters":[]},{"code":111,"indent":0,"parameters":[1,15,0,9,0]},{"code":250,"indent":1,"parameters":[{"name":"素数19","volume":40,"pitch":100,"pan":0}]},{"code":0,"indent":1,"parameters":[]},{"code":412,"indent":0,"parameters":[]},{"code":111,"indent":0,"parameters":[1,15,0,10,0]},{"code":250,"indent":1,"parameters":[{"name":"素数23","volume":80,"pitch":100,"pan":0}]},{"code":0,"indent":1,"parameters":[]},{"code":412,"indent":0,"parameters":[]},{"code":111,"indent":0,"parameters":[1,15,0,11,0]},{"code":250,"indent":1,"parameters":[{"name":"素数29","volume":80,"pitch":100,"pan":0}]},{"code":0,"indent":1,"parameters":[]},{"code":412,"indent":0,"parameters":[]},{"code":111,"indent":0,"parameters":[1,15,0,12,0]},{"code":250,"indent":1,"parameters":[{"name":"素数31","volume":50,"pitch":100,"pan":0}]},{"code":0,"indent":1,"parameters":[]},{"code":412,"indent":0,"parameters":[]},{"code":111,"indent":0,"parameters":[1,15,0,13,0]},{"code":250,"indent":1,"parameters":[{"name":"素数37","volume":40,"pitch":100,"pan":0}]},{"code":0,"indent":1,"parameters":[]},{"code":412,"indent":0,"parameters":[]},{"code":111,"indent":0,"parameters":[1,15,0,14,0]},{"code":250,"indent":1,"parameters":[{"name":"素数41","volume":40,"pitch":100,"pan":0}]},{"code":0,"indent":1,"parameters":[]},{"code":412,"indent":0,"parameters":[]},{"code":111,"indent":0,"parameters":[1,15,0,15,0]},{"code":250,"indent":1,"parameters":[{"name":"素数43","volume":40,"pitch":100,"pan":0}]},{"code":0,"indent":1,"parameters":[]},{"code":412,"indent":0,"parameters":[]},{"code":111,"indent":0,"parameters":[1,15,0,16,0]},{"code":250,"indent":1,"parameters":[{"name":"素数47","volume":40,"pitch":100,"pan":0}]},{"code":0,"indent":1,"parameters":[]},{"code":412,"indent":0,"parameters":[]},{"code":0,"indent":0,"parameters":[]}],"name":"SE","switchId":1,"trigger":0},
{"id":4,"list":[{"code":355,"indent":0,"parameters":["var isEnemyActionEnd = BattleManager.isActionForced() || (BattleManager._phase === 'turn' && !BattleManager._processingForcedAction && !BattleManager.checkBattleEnd() && BattleManager._subject.isEnemy());"]},{"code":655,"indent":0,"parameters":["if (isEnemyActionEnd) {"]},{"code":655,"indent":0,"parameters":["  if (!$gameSwitches.value(1)) {"]},{"code":655,"indent":0,"parameters":["    $gameSwitches.setValue(1, true);"]},{"code":655,"indent":0,"parameters":["    $gameActors.actor(1).gainMp(10);"]},{"code":655,"indent":0,"parameters":["    $gameActors.actor(1).startDamagePopup();"]},{"code":655,"indent":0,"parameters":["    $gameVariables.setValue(15,$gameVariables.value(15)+1)"]},{"code":655,"indent":0,"parameters":["    $gameTemp.reserveCommonEvent(3);"]},{"code":655,"indent":0,"parameters":["  }"]},{"code":655,"indent":0,"parameters":["} else {"]},{"code":655,"indent":0,"parameters":["  $gameSwitches.setValue(1, false);"]},{"code":655,"indent":0,"parameters":["}"]},{"code":0,"indent":0,"parameters":[]}],"name":"素数","switchId":13,"trigger":2},
{"id":5,"list":[{"code":230,"indent":0,"parameters":[35]},{"code":355,"indent":0,"parameters":["$gameActors.actor(1).setStateCounter(15, 1);"]},{"code":230,"indent":0,"parameters":[85]},{"code":355,"indent":0,"parameters":["$gameActors.actor(1).setStateCounter(15, 2);"]},{"code":230,"indent":0,"parameters":[105]},{"code":355,"indent":0,"parameters":["$gameActors.actor(1).setStateCounter(15, 3);"]},{"code":230,"indent":0,"parameters":[100]},{"code":355,"indent":0,"parameters":["$gameActors.actor(1).setStateCounter(15, 4);"]},{"code":230,"indent":0,"parameters":[110]},{"code":355,"indent":0,"parameters":["$gameActors.actor(1).setStateCounter(15, 5);"]},{"code":230,"indent":0,"parameters":[90]},{"code":355,"indent":0,"parameters":["$gameActors.actor(1).setStateCounter(15, 6);"]},{"code":230,"indent":0,"parameters":[130]},{"code":355,"indent":0,"parameters":["$gameActors.actor(1).setStateCounter(15, 7);"]},{"code":230,"indent":0,"parameters":[95]},{"code":355,"indent":0,"parameters":["$gameActors.actor(1).setStateCounter(15, 8);"]},{"code":230,"indent":0,"parameters":[80]},{"code":355,"indent":0,"parameters":["$gameActors.actor(1).setStateCounter(15, 9);"]},{"code":230,"indent":0,"parameters":[70]},{"code":355,"indent":0,"parameters":["$gameActors.actor(1).setStateCounter(15, 10);"]},{"code":230,"indent":0,"parameters":[80]},{"code":355,"indent":0,"parameters":["$gameActors.actor(1).setStateCounter(15, 11);"]},{"code":230,"indent":0,"parameters":[80]},{"code":355,"indent":0,"parameters":["$gameActors.actor(1).setStateCounter(15, 12);"]},{"code":230,"indent":0,"parameters":[80]},{"code":355,"indent":0,"parameters":["$gameActors.actor(1).setStateCounter(15, 13);"]},{"code":230,"indent":0,"parameters":[70]},{"code":121,"indent":0,"parameters":[20,20,1]},{"code":0,"indent":0,"parameters":[]}],"name":"14の言葉","switchId":20,"trigger":2},
{"id":6,"list":[{"code":356,"indent":0,"parameters":["D_TEXT \\oc[15]宇宙の一巡まであと \\C[2]\\V[2] \\C[0]ターン 24"]},{"code":231,"indent":0,"parameters":[80,"",0,0,460,110,100,100,255,0]},{"code":0,"indent":0,"parameters":[]}],"name":"ターンカウント","switchId":6,"trigger":2},
{"id":7,"list":[{"code":231,"indent":0,"parameters":[4,"Grassland2",0,0,-107,-5,100,100,255,0]},{"code":356,"indent":0,"parameters":["SetBattleBack1ScrollSpeed 7 0"]},{"code":223,"indent":0,"parameters":[[0,0,0,0],200,true]},{"code":231,"indent":0,"parameters":[3,"sun",0,0,410,-400,200,200,255,0]},{"code":234,"indent":0,"parameters":[3,[255,255,255,255],1,false]},{"code":232,"indent":0,"parameters":[3,0,0,0,-53,-180,150,150,255,0,999,true]},{"code":223,"indent":0,"parameters":[[10,-68,-85,34],400,false]},{"code":234,"indent":0,"parameters":[3,[0,0,0,0],500,false]},{"code":232,"indent":0,"parameters":[3,0,0,0,-100,-40,100,100,255,0,500,true]},{"code":232,"indent":0,"parameters":[3,0,0,0,-260,0,100,100,255,0,150,false]},{"code":223,"indent":0,"parameters":[[-136,-136,-34,68],300,true]},{"code":230,"indent":0,"parameters":[700]},{"code":0,"indent":0,"parameters":[]}],"name":"加速Lv1","switchId":7,"trigger":2},
{"id":8,"list":[{"code":111,"indent":0,"parameters":[12,"!$gameScreen.picture(3)._duration > 0"]},{"code":231,"indent":1,"parameters":[3,"sun",0,0,410,-400,200,200,255,0]},{"code":0,"indent":1,"parameters":[]},{"code":412,"indent":0,"parameters":[]},{"code":356,"indent":0,"parameters":["SetBattleBack1ScrollSpeed 15 0"]},{"code":223,"indent":0,"parameters":[[0,0,0,0],30,false]},{"code":232,"indent":0,"parameters":[3,0,0,0,-314,15,100,100,255,0,300,false]},{"code":230,"indent":0,"parameters":[200]},{"code":223,"indent":0,"parameters":[[0,-68,-85,34],40,true]},{"code":223,"indent":0,"parameters":[[-136,-136,-34,68],60,false]},{"code":230,"indent":0,"parameters":[200]},{"code":231,"indent":0,"parameters":[3,"sun",0,0,410,-400,200,200,255,0]},{"code":0,"indent":0,"parameters":[]}],"name":"加速Lv2","switchId":8,"trigger":2},
{"id":9,"list":[{"code":111,"indent":0,"parameters":[12,"!$gameScreen.picture(3)._duration > 0"]},{"code":231,"indent":1,"parameters":[3,"sun",0,0,450,-400,200,200,255,0]},{"code":0,"indent":1,"parameters":[]},{"code":412,"indent":0,"parameters":[]},{"code":356,"indent":0,"parameters":["SetBattleBack1ScrollSpeed 25 0"]},{"code":223,"indent":0,"parameters":[[0,0,0,0],15,false]},{"code":232,"indent":0,"parameters":[3,0,0,0,-314,15,100,100,255,0,100,false]},{"code":230,"indent":0,"parameters":[70]},{"code":223,"indent":0,"parameters":[[0,-68,-85,34],10,true]},{"code":223,"indent":0,"parameters":[[-136,-136,-34,68],15,false]},{"code":230,"indent":0,"parameters":[70]},{"code":231,"indent":0,"parameters":[3,"sun",0,0,450,-400,200,200,255,0]},{"code":0,"indent":0,"parameters":[]}],"name":"加速Lv3","switchId":9,"trigger":2},
{"id":10,"list":[{"code":111,"indent":0,"parameters":[12,"!$gameScreen.picture(3)._duration > 0"]},{"code":231,"indent":1,"parameters":[3,"sun",0,0,410,-400,200,200,255,0]},{"code":0,"indent":1,"parameters":[]},{"code":412,"indent":0,"parameters":[]},{"code":356,"indent":0,"parameters":["SetBattleBack1ScrollSpeed 35 0"]},{"code":223,"indent":0,"parameters":[[-68,-68,-68,119],15,false]},{"code":232,"indent":0,"parameters":[3,0,0,0,-314,15,100,100,255,0,60,false]},{"code":230,"indent":0,"parameters":[40]},{"code":223,"indent":0,"parameters":[[-136,-136,-34,68],15,false]},{"code":230,"indent":0,"parameters":[40]},{"code":231,"indent":0,"parameters":[3,"sun",0,0,410,-400,200,200,255,0]},{"code":0,"indent":0,"parameters":[]}],"name":"加速Lv4","switchId":10,"trigger":2},
{"id":11,"list":[{"code":356,"indent":0,"parameters":["SetBattleBack1ScrollSpeed 45 0"]},{"code":223,"indent":0,"parameters":[[-17,-17,-17,119],5,false]},{"code":232,"indent":0,"parameters":[3,0,0,0,-314,15,100,100,255,0,15,false]},{"code":230,"indent":0,"parameters":[10]},{"code":223,"indent":0,"parameters":[[-68,-85,-119,34],5,false]},{"code":230,"indent":0,"parameters":[10]},{"code":231,"indent":0,"parameters":[3,"sun",0,0,410,-400,200,200,255,0]},{"code":0,"indent":0,"parameters":[]}],"name":"加速Lv5","switchId":11,"trigger":2}
]