[
null,
{"id":1,"members":[{"enemyId":1,"x":348,"y":273,"hidden":false},{"enemyId":1,"x":453,"y":295,"hidden":false},{"enemyId":2,"x":153,"y":313,"hidden":false},{"enemyId":2,"x":174,"y":444,"hidden":false},{"enemyId":4,"x":408,"y":436,"hidden":false},{"enemyId":3,"x":393,"y":415,"hidden":false}],"name":"aaaaaa","pages":[{"conditions":{"actorHp":50,"actorId":1,"actorValid":false,"enemyHp":50,"enemyIndex":0,"enemyValid":false,"switchId":1,"switchValid":false,"turnA":0,"turnB":0,"turnEnding":false,"turnValid":false},"list":[{"code":0,"indent":0,"parameters":[]}],"span":0}]}
]