[
null,
{"id":1,"battlerName":"Pucci","characterIndex":0,"characterName":"Actor1","classId":1,"equips":[0,1,0,0,0],"faceIndex":0,"faceName":"","traits":[],"initialLevel":45,"maxLevel":99,"name":"ハロルド","nickname":"","note":"","profile":""},
{"id":2,"battlerName":"Actor1_5","characterIndex":5,"characterName":"Actor1","classId":2,"equips":[0,0,0,0,0],"faceIndex":5,"faceName":"","traits":[],"initialLevel":45,"maxLevel":99,"name":"aaa","nickname":"","note":"","profile":""},
{"id":3,"battlerName":"","characterIndex":0,"characterName":"","classId":1,"equips":[0,0,0,0,0],"faceIndex":0,"faceName":"","traits":[],"initialLevel":1,"maxLevel":99,"name":"","nickname":"","note":"","profile":""},
{"id":4,"battlerName":"","characterIndex":0,"characterName":"","classId":1,"equips":[0,0,0,0,0],"faceIndex":0,"faceName":"","traits":[],"initialLevel":1,"maxLevel":99,"name":"","nickname":"","note":"","profile":""},
{"id":5,"battlerName":"","characterIndex":0,"characterName":"","classId":1,"equips":[0,0,0,0,0],"faceIndex":0,"faceName":"","traits":[],"initialLevel":1,"maxLevel":99,"name":"","nickname":"","note":"","profile":""}
]