[
null,
{"id":1,"animationId":-1,"damage":{"critical":true,"elementId":-1,"formula":"Math.max((a.atk * 4 - b.def * 2),1)","type":1,"variance":0},"description":"最低でも1ダメージ","effects":[{"code":21,"dataId":0,"value1":1,"value2":0}],"hitType":1,"iconIndex":76,"message1":"","message2":"","mpCost":0,"name":"こうげき","note":"<setup action>\ndisplay action\nimmortal: targets, true\n\nif user.isActor() === true && user.attackMotion() !== 'missile'\n   motion walk: user\n   move user: targets, front, 20\n   wait for movement\nend\nif user.isActor() === true && user.attackMotion() === 'missile'\nmotion attack: user\nend\nif user.isActor() !== true\n   enemy effect: user, whiten\nend\n</setup action>\n\n<target action>\n\nopacity user: 255%, 1\nif user.isActor() === true\n motion attack: user\nend\nwait: 10\nattack animation: target\nwait: 10\naction effect\nif target.result().isHit()\n enemy effect: target, blink\nend\nclear battle log\nimmortal: targets, false\nif user.isActor() === true && user. attackMotion() !== 'missile'\nwait: 30\nend\nperform finish\n\n</target action>\n\n<follow action>\n</follow action>","occasion":1,"repeats":1,"requiredWtypeId1":0,"requiredWtypeId2":0,"scope":1,"speed":0,"stypeId":0,"successRate":100,"tpCost":0,"tpGain":10},
{"id":2,"animationId":0,"damage":{"critical":false,"elementId":0,"formula":"0","type":0,"variance":20},"description":"","effects":[{"code":21,"dataId":2,"value1":1,"value2":0}],"hitType":0,"iconIndex":81,"message1":"","message2":"","mpCost":0,"name":"ぼうぎょ","note":"","occasion":1,"repeats":1,"requiredWtypeId1":0,"requiredWtypeId2":0,"scope":11,"speed":2000,"stypeId":0,"successRate":100,"tpCost":0,"tpGain":10},
{"id":3,"animationId":4,"damage":{"critical":false,"elementId":2,"formula":"100 + a.mat * 4 - b.mdf * 2","type":1,"variance":0},"description":"","effects":[],"hitType":2,"iconIndex":64,"message1":"ファイア","message2":"","mpCost":5,"name":"ファイア","note":"<target action>\n action animation: target\n wait: 30\n action effect: target\n wait for animation\n</target action>","occasion":1,"repeats":1,"requiredWtypeId1":0,"requiredWtypeId2":0,"scope":1,"speed":1,"stypeId":1,"successRate":100,"tpCost":0,"tpGain":0},
{"id":4,"animationId":1,"damage":{"critical":true,"elementId":-1,"formula":"100","type":1,"variance":0},"description":"サイドビューアニメーションエネミー用","effects":[],"hitType":1,"iconIndex":0,"message1":"攻撃","message2":"","mpCost":0,"name":"攻撃（エネミー用）","note":"<setup action>\ndisplay action\nimmortal: targets, true\nenemy effect: user, whiten\nwait: 10\nenemy effect: user, whiten\n</setup action>\n\n<target action>\nif user.attackMotion() !== 'missile'\n  move user: targets, front, 20\nelse\n  perform start\nend\nwait for movement\nmotion attack: user\nwait: 10\naction effect\naction animation\nshake screen: 3, 9, 10\nwait: 5\nimmortal: target, false\nWait: 20\nmove user: home, 5\nwait for animation\nwait for movement\n</target action>","occasion":1,"repeats":1,"requiredWtypeId1":0,"requiredWtypeId2":0,"scope":1,"speed":0,"stypeId":0,"successRate":100,"tpCost":0,"tpGain":10},
{"id":5,"animationId":5,"damage":{"critical":false,"elementId":25,"formula":"100","type":1,"variance":20},"description":"","effects":[{"code":21,"dataId":0,"value1":1,"value2":0}],"hitType":1,"iconIndex":116,"message1":"","message2":"","mpCost":0,"name":"マシンガン","note":"<Cast Animation: 0>\n\n<setup action>\ndisplay action\nimmortal: targets, true\n</setup action>\n\n<target action>\nperform start\nmotion standby: user\nwait for movement\nface user: target\nmotion attack: user\naction animation: target\nwait: 5\nwait for effect\naction effect\nwait: 5\nwait for effect\naction effect\nwait: 5\nwait for effect\naction effect\nwait: 5\nwait for effect\naction effect\nimmortal: targets, false\nwait for effect\nperform finish\n</target action>\n\n<follow action>\n</follow action>","occasion":1,"repeats":1,"requiredWtypeId1":0,"requiredWtypeId2":0,"scope":1,"speed":0,"stypeId":0,"successRate":100,"tpCost":0,"tpGain":0},
{"id":6,"animationId":0,"damage":{"critical":false,"elementId":0,"formula":"0","type":0,"variance":20},"description":"","effects":[],"hitType":0,"iconIndex":0,"message1":"","message2":"","mpCost":0,"name":"","note":"","occasion":0,"repeats":1,"requiredWtypeId1":0,"requiredWtypeId2":0,"scope":1,"speed":0,"stypeId":1,"successRate":100,"tpCost":0,"tpGain":0},
{"id":7,"animationId":0,"damage":{"critical":false,"elementId":0,"formula":"0","type":0,"variance":20},"description":"MP回復","effects":[],"hitType":0,"iconIndex":20,"message1":"","message2":"","mpCost":0,"name":"素数","note":"<Custom Requirement>\nvalue = !user.isStateAffected(11)\n</Custom Requirement>\n\n<setup action>\nCHANGE SWITCH 12: on\neval: ConfigManager['bgmVolume'] = 20;\neval: $gameScreen.showPicture(9,\"sosuu\",1,0,0,400,400,0,0)\neval: $gameScreen.movePicture(9,1,0,0,400,400,255,0,30);\nse: 素数, 60, 100, 0\nwait: 50\nanimation 8: user\nwait: 30\nMP +10: user, show\nwait: 80\nMP +10: user, show\nwait: 80\nMP +10: user, show\nwait: 80\nMP +10: user, show\nadd state 11: user\nCHANGE SWITCH 12: off\n</setup action>","occasion":0,"repeats":1,"requiredWtypeId1":0,"requiredWtypeId2":0,"scope":11,"speed":0,"stypeId":1,"successRate":100,"tpCost":0,"tpGain":0},
{"id":8,"animationId":0,"damage":{"critical":false,"elementId":0,"formula":"0","type":0,"variance":20},"description":"時を加速する。加速レベルが最大に達すると新世界へ到達し\nゲームが強制終了する","effects":[{"code":11,"dataId":0,"value1":1,"value2":0}],"hitType":0,"iconIndex":16,"message1":"","message2":"","mpCost":0,"name":"メイドイソヘブソ","note":"<Custom Requirement>\nvalue = !user.isStateAffected(12) && $gameSwitches.value(4)\n</Custom Requirement>\n\n<After Eval>\n//YEP_X_AnimatedSVEnemiesを入れている場合のステート付与\n$gameTroop.aliveMembers().forEach(function(enemy) {\n　enemy.addState(14);\n});\n</After Eval>\n\n<setup action>\neval: $gameSystem.saveBgm()\neval: AudioManager.fadeOutBgm(2)\nse: メイドインヘブン!, 130, 100, 0\nwait: 40\nCHANGE SWITCH 3: on\nmotion skill: user\nwait: 15\nanimation 9: user\nwait: 20\nCHANGE SWITCH 3: off\nwait: 100\ntint screen: 255, 255, 255, 255, 90\nwait: 30\nse: 加速, 80, 100, 0\nwait: 60\ntint screen: 0, 0, 0, 0, 90\nmove user: point, 1224, 450, 1\nwait: 15\neval: $gameActors.actor(1).residual().setValid(true);\neval: $gameActors.actor(1).residual().setColorTone([62, 0, 176, 0]);\neval: $gameActors.actor(1).residual().setPeriod(2);\neval: $gameActors.actor(1).residual().setDuration(33);\n//YEPcore engineの“scale battlebacks”をfalseにしておく\neval: CallPluginCommand('SetBattleBack1ScrollSpeed 3 0');\n</setup action>\n\n<finish action>\nanimation 6: user\nadd state 12: user\nimmortal: targets, false\nclear battle log\nperform finish\nwait for movement\nBGM: 03_Battle_to_the_Max, 80, 100, 0\nwait: 60\n</finish action>","occasion":1,"repeats":1,"requiredWtypeId1":0,"requiredWtypeId2":0,"scope":11,"speed":0,"stypeId":2,"successRate":100,"tpCost":0,"tpGain":0},
{"id":9,"animationId":1,"damage":{"critical":false,"elementId":0,"formula":"100","type":1,"variance":20},"description":"","effects":[],"hitType":0,"iconIndex":0,"message1":"","message2":"","mpCost":0,"name":"全体攻撃","note":"<Cooldown: 1>\n\n<Custom Requirement>\nvalue = user.isStateAffected(12)\n</Custom Requirement>\n\n<whole action>\n</whole action>\n\n<target action>\neval: BattleManager.madeInHeavenStop();\nchange switch 1: toggle\nif $gameSwitches.value(1)\nmove user: target, front base, 1\nmotion walk: user\nface user: forward\nwait: 1\nanimation 6: user\nmove user: target, back base, 1\nwait: 1\naction animation\naction effect\nelse\nmove user: target, back base, 1\nmotion walk: user\nface user: backward\nwait: 1\nanimation 6: user\nmove user: target, front base, 1\nwait: 1\naction animation\naction effect\nend\neval: BattleManager.madeInHeavenStart();\n</target action>\n\n","occasion":1,"repeats":1,"requiredWtypeId1":0,"requiredWtypeId2":0,"scope":2,"speed":0,"stypeId":2,"successRate":100,"tpCost":0,"tpGain":0},
{"id":10,"animationId":1,"damage":{"critical":false,"elementId":1,"formula":"21","type":1,"variance":20},"description":"","effects":[],"hitType":0,"iconIndex":0,"message1":"","message2":"","mpCost":0,"name":"連撃","note":"<Cooldown: 1>\n\n<Custom Requirement>\nvalue = user.isStateAffected(12)\n</Custom Requirement>\n\n<setup action>\n</setup action>\n\n<target action>\neval: BattleManager.madeInHeavenStop();\nanimation 6: user\nse: kasoku, 100, 100, 0\nmove user: target, back center, 1\nopacity user: 255%, 10\nwait: 25\nse: kasoku, 100, 100, 0\ncamera focus: target, 20\nzoom: 150%, 20\nmove user: target, front base, 10\nface user: backward\neval: $gameActors.actor(1).residual().setOpacity(155);\neval: $gameActors.actor(1).residual().setPeriod(2);\nwait: 7\nface user: forward\naction animation\naction effect: target\nse: kasoku, 100, 100, 0\nmove user: target, front center, 10, auto offset x -100\n//\nface user: forward\nmove user: target, front center, 5\nwait: 5\naction animation\n//\nface user: backward\nse: kasoku, 100, 100, 0\nmove user: target, back head, 5\nwait: 5\naction animation\naction effect: target\n//\nface user: forward\nmove user: target, front base, 5\nwait: 5\naction animation\naction effect: target\nse: kasoku, 100, 100, 0\n//\nface user: backward\nmove user: target, back center, 5\nwait: 5\n\n//\nface user: forward\nmove user: target, front head, 5\nwait: 5\naction animation\naction effect: target\nse: kasoku, 100, 100, 0\n//\nface user: backward\nmove user: target, back base, 5\neval: BattleManager.madeInHeavenStart();\nwait: 5\naction animation\naction effect: target\nse: kasoku, 100, 100, 0\n//\nface user: forward\nmove user: target, front center, 5\nwait: 5\n\n//\nface user: backward\nmove user: target, back center, 5\nwait: 5\naction animation\naction effect: target\nse: kasoku, 100, 100, 0\n//\nface user: forward\nmove user: target, front center, 5\nwait: 5\nface user: backward\nmove user: target, back center, 5\n//////////////////////////////\neval: $gameActors.actor(1).residual().setPeriod(2);\nwait: 1\naction animation\naction effect: target\nse: kasoku, 100, 100, 0\nface user: forward\nmove user: target, front center, 5\nwait: 1\nface user: backward\nmove user: target, back head, 5\nwait: 1\naction animation\naction effect: target\nse: kasoku, 100, 100, 0\nface user: forward\nmove user: target, front base, 5\nwait: 1\nface user: backward\nmove user: target, back center, 5\nwait: 1\naction animation\naction effect: target\nse: kasoku, 100, 100, 0\nface user: forward\nmove user: target, front head, 5\nwait: 1\nface user: backward\nmove user: target, back base, 5\nwait: 1\nface user: forward\nmove user: target, front center, 5\nwait: 1\naction animation\naction effect: target\nse: kasoku, 100, 100, 0\nface user: backward\nmove user: target, back center, 5\nwait: 1\nface user: forward\nmove user: target, front center, 5\nwait: 1\nface user: backward\nmove user: target, back center, 5\nwait: 1\naction animation\naction effect: target\nse: kasoku, 100, 100, 0\nface user: forward\nmove user: target, front center, 5\nwait: 1\nface user: backward\nmove user: target, back head, 5\nwait: 1\neval: BattleManager.madeInHeavenStart();\nface user: forward\nmove user: target, front base, 5\nwait: 1\naction animation\naction effect: target\nse: kasoku, 100, 100, 0\n//\nface user: backward\nmove user: target, back center, 5\nwait: 1\n\n//\nface user: forward\nmove user: target, front head, 5\nwait: 1\n\n//\nface user: backward\nmove user: target, back base, 5\nwait: 1\neval: $gameActors.actor(1).residual().setPeriod(10);\nface user: forward\nmove user: target, front center, 5, auto offset x -50\nwait: 5\naction animation\naction effect: target\nse: kasoku, 100, 100, 0\n//\nface user: backward\nmove user: target, back center, 5, auto offset x +50\nwait: 5\n//\nface user: forward\nmove user: target, front center, 5, auto offset x -50\nwait: 5\naction animation\naction effect: target\nse: kasoku, 100, 100, 0\n//\nface user: backward\nmove user: target, back center, 5, auto offset x +50\nwait: 5\n//\nface user: forward\nmove user: target, front center, 5, auto offset x -50\nwait: 5\naction animation\naction effect: target\nse: kasoku, 100, 100, 0\n//\nface user: backward\nmove user: target, back center, 5, auto offset x +50\nwait: 5\n//\nface user: forward\nmove user: target, front center, 5, auto offset x -50\nwait: 5\naction animation\naction effect: target\nse: kasoku, 100, 100, 0\n//\nface user: backward\nmove user: target, back center, 5, auto offset x +50\nwait: 5\n//\nface user: forward\nmove user: target, front center, 5, auto offset x -50\nwait: 5\naction animation\naction effect: target\nse: kasoku, 100, 100, 0\n//\nface user: backward\nmove user: target, back center, 5, auto offset x +50\nwait: 5\n//\nface user: forward\nmove user: target, front center, 5, auto offset x -50\nwait: 5\naction animation\naction effect: target\nse: kasoku, 100, 100, 0\n//\nface user: backward\nmove user: target, back center, 5, auto offset x +50\nwait: 5\n//\nface user: forward\nmove user: target, front center, 5, auto offset x -50\nwait: 5\naction animation\naction effect: target\nse: kasoku, 100, 100, 0\n//\nface user: backward\nmove user: target, back center, 5, auto offset x +50\nwait: 5\n//\nface user: forward\nmove user: target, front center, 5, auto offset x -50\nwait: 5\naction animation\naction effect: target\nse: kasoku, 100, 100, 0\n//\nface user: backward\nmove user: target, back center, 5, auto offset x +50\nwait: 5\n//\nface user: forward\nmove user: target, front center, 2, auto offset x -100, auto offset y +10 \nwait: 2\naction animation\naction effect: target\nse: kasoku, 100, 100, 0\n//\nface user: backward\nmove user: target, back center, 2, auto offset x +100, auto offset y +20 \nwait: 2\naction animation\naction effect: target\nse: kasoku, 100, 100, 0\n//\nface user: backward\nmove user: target, front center, 2, auto offset x -100, auto offset y +20 \nwait: 2\naction animation\naction effect: target\nse: kasoku, 100, 100, 0\n//\nface user: backward\nmove user: target, back center, 2, auto offset x +100, auto offset y +30 \nwait: 2\naction animation\naction effect: target\nse: kasoku, 100, 100, 0\n//\nface user: backward\nmove user: target, front center, 2, auto offset x -100, auto offset y +30 \nwait: 2\naction animation\naction effect: target\nse: kasoku, 100, 100, 0\n//\nface user: backward\nmove user: target, back center, 2, auto offset x +100, auto offset y +40 \nwait: 2\naction animation\naction effect: target\nse: kasoku, 100, 100, 0\n//\nface user: backward\nmove user: target, front center, 2, auto offset x -100, auto offset y +40 \nwait: 2\naction animation\naction effect: target\nse: kasoku, 100, 100, 0\nface user: backward\nmove user: target, back center, 2, auto offset x +100, auto offset y +40 \nwait: 2\nopacity user: 15%, 0\neval: $gameActors.actor(1).residual().setOpacity(13);\nse: kasoku, 100, 100, 0\nmotion swing: user\nface user: backward\nmove user: target, front center, 2, auto offset x -80, auto offset y +40 \nwait: 1\naction animation\naction effect: target\nse: kasoku, 100, 100, 0\nmotion swing: user\nface user: backward\nmove user: target, back center, 2, auto offset x +60, auto offset y +40 \nwait: 1\nmotion thrust: evade\nface user: forward\nmove user: target, front center, 10\nwait: 2\naction animation\naction effect: target\nse: kasoku, 100, 100, 0\nmove user: target, back center, 5\nwait: 10\nopacity user: 40%\nwait: 5\nopacity user: 20%\nface user: forward\nwait: 5\nopacity user: 0%\nwait: 30\nopacity user: 30%\nwait: 3\nopacity user: 60%\nmotion thrust: user\nwait: 5\nse: kasoku, 100, 100, 0\naction animation\naction effect: target\nanimation 6: user\nmove user: target, front center, 5\nwait: 20\nopacity user: 80%\nwait: 5\nopacity user: 100%\nwait for animation\nimmortal: target, false\nclear battle log\neval: $gameActors.actor(1).residual().setPeriod(2);\neval: $gameActors.actor(1).residual().setOpacity(155);\neval: $gameActors.actor(1).residual().setDuration(33);\nmove user: return, 40\nmotion escape: user\nwait for movement\nperform finish\n</target action>","occasion":1,"repeats":1,"requiredWtypeId1":0,"requiredWtypeId2":0,"scope":1,"speed":0,"stypeId":2,"successRate":100,"tpCost":0,"tpGain":0},
{"id":11,"animationId":1,"damage":{"critical":false,"elementId":-1,"formula":"a.atk * 2","type":1,"variance":33},"description":"","effects":[],"hitType":0,"iconIndex":0,"message1":"","message2":"","mpCost":0,"name":"回避カウンター","note":"<setup action>\nclear battle log\n<setup action>\n\n<target action>\n\neval: $gameActors.actor(1).residual().setValid(true);\neval: $gameActors.actor(1).residual().setPeriod(2);\neval: $gameActors.actor(1).residual().setDuration(13);\neval: $gameActors.actor(1).residual().setColorTone([62, 0, 176, 0]);\nse: 回避, 100, 100, 0\nse: 加速2, 160, 100, 0\nBGS: Storm2, 80, 100, 0\nmove user: target, front base, 3, auto offset x -60, auto offset y 0\nwait: 1\nmove user: target, front base, 3, auto offset x +20, auto offset y +40\nwait: 1\nmove user: target, base, 3, auto offset y +50\nwait: 1\nmove user: target, back, 3, auto offset x +20, auto offset y +30\nwait: 1\nmove user: target, back, 3, auto offset x +70, auto offset y -10\nwait: 1\nmove user: target, back center, 3, auto offset x +100, auto offset y 0\nwait: 1\nmove user: target, back head, 3, auto offset x +60, auto offset y +15 \nwait: 1\nmove user: target, back head, 3, auto offset x -10, auto offset y -20\nwait: 1\nmove user: target, head, 3, auto offset y -30\nwait: 1\nmove user: target, front head, 3, auto offset x +10, auto offset y -20\nwait: 1\nmove user: target, front head, 3, auto offset x -50, auto offset y 0\nwait: 1\nmove user: target, front center, 3, auto offset x -90\nwait: 1\nmove user: target, back center, 3, auto offset x +100, auto offset y 0\nwait: 1\nmove user: target, back head, 3, auto offset x +60, auto offset y +15\nwait: 1\nmove user: target, back head, 3, auto offset x -10, auto offset y -20\nwait: 1\nmove user: target, head, 3, auto offset y -30\nwait: 1\nmove user: target, front head, 3, auto offset x +10, auto offset y -20\nwait: 1\nmove user: target, front head, 3, auto offset x -50, auto offset y 0\nwait: 1\nmove user: target, front center, 3, auto offset x -90\nwait: 1\nmove user: target, front base, 3, auto offset x -60, auto offset y 0\nwait: 1\nmove user: target, front base, 3, auto offset x +20, auto offset y +40\nwait: 1\nmove user: target, base, 3, auto offset y +50\nwait: 1\nmove user: target, back, 3, auto offset x +20, auto offset y +30\nwait: 1\nmove user: target, back, 3, auto offset x +70, auto offset y -10\nwait: 1\nmove user: target, back center, 3, auto offset x +100, auto offset y 0\nwait: 1\nmove user: target, back head, 3, auto offset x +60, auto offset y +15\nwait: 1\nmove user: target, back head, 3, auto offset x -10, auto offset y -20\nwait: 1\nmove user: target, head, 3, auto offset y -30\nwait: 1\nmove user: target, front head, 3, auto offset x +10, auto offset y -20\nwait: 1\nmove user: target, front head, 3, auto offset x -50, auto offset y 0\nwait: 1\nmove user: target, front center, 3, auto offset x -90\nwait: 1\nmove user: target, front base, 3, auto offset x -60, auto offset y 0\nwait: 1\nmove user: target, front base, 3, auto offset x +20, auto offset y +40\nwait: 1\nmove user: target, base, 3, auto offset y +50\nwait: 1\nmove user: target, back, 3, auto offset x +20, auto offset y +30\nwait: 1\nmove user: target, back, 3, auto offset x +70, auto offset y -10\nwait: 1\naction effect\nmove user: target, back center, 3, auto offset x +100, auto offset y 0\nwait: 1\nmove user: target, back head, 3, auto offset x +60, auto offset y +15\nwait: 1\nmove user: target, back head, 3, auto offset x -10, auto offset y -20\nwait: 1\nmove user: target, head, 3, auto offset y -30\nwait: 1\nmove user: target, front head, 3, auto offset x +10, auto offset y -20\nwait: 1\nmove user: target, front head, 3, auto offset x -50, auto offset y 0\nwait: 1\nmove user: target, front center, 3, auto offset x -90\nwait: 1\nmove user: target, front base, 3, auto offset x -60, auto offset y 0\nwait: 1\nmove user: target, front base, 3, auto offset x +20, auto offset y +40\nwait: 1\nmove user: target, base, 3, auto offset y +50\nwait: 1\nmove user: target, back, 3, auto offset x +20, auto offset y +30\nwait: 1\nmove user: target, back, 3, auto offset x +70, auto offset y -10\nwait: 1\naction effect\nanimation 11: target\nmove user: target, back center, 3, auto offset x +100, auto offset y 0\nwait: 1\nmove user: target, back head, 3, auto offset x +60, auto offset y +15\nwait: 1\nmove user: target, back head, 3, auto offset x -10, auto offset y -20\nwait: 1\nmove user: target, head, 3, auto offset y -30\nwait: 1\nmove user: target, front head, 3, auto offset x +10, auto offset y -20\nwait: 1\nmove user: target, front head, 3, auto offset x -50, auto offset y 0\nwait: 1\nmove user: target, front center, 3, auto offset x -90\nwait: 1\nmove user: target, front base, 3, auto offset x -60, auto offset y 0\nwait: 1\nmove user: target, front base, 3, auto offset x +20, auto offset y +40\nwait: 1\nmove user: target, base, 3, auto offset y +50\nwait: 1\nmove user: target, back, 3, auto offset x +20, auto offset y +30\nwait: 1\nmove user: target, back, 3, auto offset x +70, auto offset y -10\nwait: 1\naction effect\nmove user: target, back center, 3, auto offset x +100, auto offset y 0\nwait: 1\nmove user: target, back head, 3, auto offset x +60, auto offset y +15\nwait: 1\nmove user: target, back head, 3, auto offset x -10, auto offset y -20\nwait: 1\nmove user: target, head, 3, auto offset y -30\nwait: 1\nmove user: target, front head, 3, auto offset x +10, auto offset y -20\nwait: 1\nmove user: target, front head, 3, auto offset x -50, auto offset y 0\nwait: 1\nmove user: target, front center, 3, auto offset x -90\nwait: 1\nmove user: target, front base, 3, auto offset x -60, auto offset y 0\nwait: 1\nmove user: target, front base, 3, auto offset x +20, auto offset y +40\nwait: 1\nmove user: target, base, 3, auto offset y +50\nwait: 1\nmove user: target, back, 3, auto offset x +20, auto offset y +30\nwait: 1\nmove user: target, back, 3, auto offset x +70, auto offset y -10\nwait: 1\naction effect\nmove user: target, back center, 3, auto offset x +100, auto offset y 0\nwait: 1\nmove user: target, back head, 3, auto offset x +60, auto offset y +15\nwait: 1\nmove user: target, back head, 3, auto offset x -10, auto offset y -20\nwait: 1\nmove user: target, head, 3, auto offset y -30\nwait: 1\nmove user: target, front head, 3, auto offset x +10, auto offset y -20\nwait: 1\nmove user: target, front head, 3, auto offset x -50, auto offset y 0\nwait: 1\nmove user: target, front center, 3, auto offset x -90\nwait: 1\nmove user: target, front base, 3, auto offset x -60, auto offset y 0\nwait: 1\nmove user: target, front base, 3, auto offset x +20, auto offset y +40\nwait: 1\nmove user: target, base, 3, auto offset y +50\nwait: 1\nmove user: target, back, 3, auto offset x +20, auto offset y +30\nwait: 1\nmove user: target, back, 3, auto offset x +70, auto offset y -10\nwait: 1\naction effect\nmove user: target, back center, 3, auto offset x +100, auto offset y 0\nwait: 1\nmove user: target, back head, 3, auto offset x +60, auto offset y +15\nwait: 1\nmove user: target, back head, 3, auto offset x -10, auto offset y -20\nwait: 1\nmove user: target, head, 3, auto offset y -30\nwait: 1\nmove user: target, front head, 3, auto offset x +10, auto offset y -20\nwait: 1\nmove user: target, front head, 3, auto offset x -50, auto offset y 0\nwait: 1\nmove user: target, front center, 3, auto offset x -90\nwait: 1\nmove user: target, front base, 3, auto offset x -60, auto offset y 0\nwait: 1\nmove user: target, front base, 3, auto offset x +20, auto offset y +40\nwait: 1\nmove user: target, base, 3, auto offset y +50\nwait: 1\nmove user: target, back, 3, auto offset x +20, auto offset y +30\nwait: 1\nmove user: target, back, 3, auto offset x +70, auto offset y -10\nwait: 1\naction effect\nmove user: target, back center, 3, auto offset x +100, auto offset y 0\nwait: 1\nmove user: target, back head, 3, auto offset x +60, auto offset y +15\nwait: 1\nmove user: target, back head, 3, auto offset x -10, auto offset y -20\nwait: 1\nmove user: target, head, 3, auto offset y -30\nwait: 1\nmove user: target, front head, 3, auto offset x +10, auto offset y -20\nwait: 1\nmove user: target, front head, 3, auto offset x -50, auto offset y 0\nwait: 1\nmove user: target, front center, 3, auto offset x -90\nwait: 1\nmove user: target, front base, 3, auto offset x -60, auto offset y 0\nwait: 1\nmove user: target, front base, 3, auto offset x +20, auto offset y +40\nwait: 1\nmove user: target, base, 3, auto offset y +50\nwait: 1\nmove user: target, back, 3, auto offset x +20, auto offset y +30\nwait: 1\nmove user: target, back, 3, auto offset x +70, auto offset y -10\nwait: 1\naction effect\nwait fo movement\neval: $gameActors.actor(1).residual().setValid(false);\nopacity user: 0%, 1\nmove user: target, front center, 3, auto offset x -30, auto offset y +30\nBGS: STOP\nanimation target: 2\nwait: 10\nwait for animation\nopacity user: 255%, 1\neval: $gameActors.actor(1).residual().setValid(true);\neval: $gameActors.actor(1).residual().setDuration(30);\neval: $gameActors.actor(1).residual().setPeriod(2);\nse: 回避, 100, 100, 0\nmove user: return, 2\nmotion escape: user\nperform finish\n</target action>\n","occasion":1,"repeats":1,"requiredWtypeId1":0,"requiredWtypeId2":0,"scope":1,"speed":0,"stypeId":2,"successRate":100,"tpCost":0,"tpGain":0},
{"id":12,"animationId":101,"damage":{"critical":false,"elementId":0,"formula":"0","type":0,"variance":20},"description":"","effects":[],"hitType":0,"iconIndex":71,"message1":"","message2":"","mpCost":0,"name":"宇宙の一巡","note":"\n<setup action>\nCHANGE SWITCH 6: off\neval: $gameScreen.erasePicture(80);\ndisplay action\neval: AudioManager.fadeOutBgm(3);\n</setup action>\n\n<target action>\neval: BattleManager.madeInHeavenStop();\nse: 新しい世界だ, 100, 100, 0\nwait: 60\nse: 加速, 80, 70, 0\ntint screen: 255, 255, 255, 255, 213\nwait: 203\nhide battle hud\nopacity all actors: 0%, 1\neval: CallPluginCommand('SetBattleBack1ScrollSpeed 0 0');\neval: $gameActors.actor(1).residual().setValid(false);\neval: $gameTroop.members().forEach(function(enemy) {enemy.hide()});\nremove state 12: user\neval: CallPluginCommand('MP_動画設定 nc224129');\neval: $gameScreen.showPicture(80,\"\",0,-1550,-970,320,320,255,0)\neval: $gameScreen.showPicture(81,\"sun2\",0,-940,-570,413,413,255,0);\neval: $gameScreen.movePicture(80,0,-160,0,90,90,255,0,15);\neval: $gameScreen.movePicture(81,0,-275,-70,200,200,255,0,15);\neval: $gameScreen.erasePicture(3);\neval: $gameScreen.erasePicture(4);\nwait: 480\neval: $gameMap.changeBattleback(\"CloudySky1\", \"\");\neval: $gameScreen.movePicture(80,0,-260,0,107,107,0,0,130);\neval: $gameScreen.movePicture(81,0,-300,-90,200,200,0,0,130);\ntint screen: 0, 0, 0, 0, 200\nwait: 380\n/////////////////////////////////////\ntint screen: 255, 255, 255, 255, 30\nwait: 30\neval: CallPluginCommand('SetBattleBack1ScrollSpeed 1 0');\neval: $gameMap.changeBattleback(\"Ocean1\", \"\") \ntint screen: 0, 0, 0, 0, 60\nwait: 250\ntint screen: 255, 255, 255, 255, 30\nwait: 30\neval: CallPluginCommand('SetBattleBack1ScrollSpeed -1 0');\neval: $gameMap.changeBattleback(\"Mountains1\", \"\")\ntint screen: 0, 0, 0, 0, 60\nwait: 200\ntint screen: 255, 255, 255, 255, 70\nwait: 70\neval: $gameScreen.showPicture(5,\"hana\",0,400,300,120,120,255,0)\neval: CallPluginCommand('SetBattleBack1ScrollSpeed 0 0');\neval: $gameMap.changeBattleback(\"\", \"Grassland3\")\ntint screen: 0, 0, 0, 0, 100\nwait: 200\neval: CallPluginCommand('D_TEXT Fin 62');\neval: $gameScreen.showPicture(80,\"\",0,670,530,100,100,0,0)\neval: $gameScreen.movePicture(80,0,670,530,100,100,255,0,100);\nwait: 200\nse: Cancel1, 120, 100, 0\neval: Graphics.playVideo(\"movies/nc251484.webm\")\nwait: 5\neval: SceneManager.exit();\n</target action>\n\n","occasion":1,"repeats":1,"requiredWtypeId1":0,"requiredWtypeId2":0,"scope":1,"speed":0,"stypeId":2,"successRate":100,"tpCost":0,"tpGain":0},
{"id":13,"animationId":0,"damage":{"critical":false,"elementId":0,"formula":"1","type":0,"variance":20},"description":"メイドイソヘブソの使用条件を解除","effects":[{"code":21,"dataId":0,"value1":1,"value2":0}],"hitType":0,"iconIndex":176,"message1":"","message2":"","mpCost":200,"name":"14の言葉","note":"<Custom Requirement>\nvalue = !$gameSwitches.value(4)\n</Custom Requirement>\n\n<setup action>\nadd state 15: user\n</setup action>","occasion":1,"repeats":1,"requiredWtypeId1":0,"requiredWtypeId2":0,"scope":0,"speed":0,"stypeId":1,"successRate":100,"tpCost":0,"tpGain":0},
{"id":14,"animationId":0,"damage":{"critical":false,"elementId":0,"formula":"0","type":0,"variance":20},"description":"","effects":[],"hitType":0,"iconIndex":0,"message1":"","message2":"","mpCost":0,"name":"秘密の皇帝","note":"<After Eval>\n$gameTimer.stop();\n$gameTroop.members().forEach(function(enemy) {\n　enemy.removeState(16);\n});\n$gameActors.actor(1).removeState(15);\n</After Eval>\n\n<setup action>\nmotion skill: user\nwait: 240\nCHANGE SWITCH 4: on\nwait: 100\neval: var f=60,t=90,c=ConfigManager['bgmVolume'],s=(t-c)/f;for(var i=0;i<f;i++)setTimeout(function(){ConfigManager['bgmVolume']+=s,ConfigManager.save()},i*(1e3/f));\n</setup action>","occasion":0,"repeats":1,"requiredWtypeId1":0,"requiredWtypeId2":0,"scope":11,"speed":0,"stypeId":1,"successRate":100,"tpCost":0,"tpGain":0}
]