[
null,
{"id":1,"autoRemovalTiming":0,"chanceByDamage":100,"iconIndex":1,"maxTurns":1,"message1":"","message2":"","message3":"","message4":"","minTurns":1,"motion":3,"name":"死亡","note":"","overlay":0,"priority":100,"releaseByDamage":false,"removeAtBattleEnd":false,"removeByDamage":false,"removeByRestriction":false,"removeByWalking":false,"restriction":4,"stepsToRemove":100,"traits":[{"code":23,"dataId":9,"value":0}]},
{"id":2,"autoRemovalTiming":2,"chanceByDamage":100,"description":"","iconIndex":0,"maxTurns":1,"message1":"","message2":"","message3":"","message4":"","minTurns":1,"motion":0,"name":"防御","note":"","overlay":0,"priority":0,"removeAtBattleEnd":true,"removeByDamage":false,"removeByRestriction":true,"removeByWalking":false,"restriction":0,"stepsToRemove":100,"traits":[{"code":62,"dataId":1,"value":0}]},
{"id":3,"autoRemovalTiming":0,"chanceByDamage":100,"traits":[],"iconIndex":0,"maxTurns":1,"message1":"","message2":"","message3":"","message4":"","minTurns":1,"motion":0,"name":"","note":"","overlay":0,"priority":50,"removeAtBattleEnd":false,"removeByDamage":false,"removeByRestriction":false,"removeByWalking":false,"restriction":0,"stepsToRemove":100},
{"id":4,"autoRemovalTiming":0,"chanceByDamage":100,"traits":[],"iconIndex":0,"maxTurns":1,"message1":"","message2":"","message3":"","message4":"","minTurns":1,"motion":0,"name":"","note":"","overlay":0,"priority":50,"removeAtBattleEnd":false,"removeByDamage":false,"removeByRestriction":false,"removeByWalking":false,"restriction":0,"stepsToRemove":100},
{"id":5,"autoRemovalTiming":0,"chanceByDamage":100,"traits":[],"iconIndex":0,"maxTurns":1,"message1":"","message2":"","message3":"","message4":"","minTurns":1,"motion":0,"name":"","note":"","overlay":0,"priority":50,"removeAtBattleEnd":false,"removeByDamage":false,"removeByRestriction":false,"removeByWalking":false,"restriction":0,"stepsToRemove":100},
{"id":6,"autoRemovalTiming":0,"chanceByDamage":100,"traits":[],"iconIndex":0,"maxTurns":1,"message1":"","message2":"","message3":"","message4":"","minTurns":1,"motion":0,"name":"","note":"","overlay":0,"priority":50,"removeAtBattleEnd":false,"removeByDamage":false,"removeByRestriction":false,"removeByWalking":false,"restriction":0,"stepsToRemove":100},
{"id":7,"autoRemovalTiming":0,"chanceByDamage":100,"traits":[],"iconIndex":0,"maxTurns":1,"message1":"","message2":"","message3":"","message4":"","minTurns":1,"motion":0,"name":"","note":"","overlay":0,"priority":50,"removeAtBattleEnd":false,"removeByDamage":false,"removeByRestriction":false,"removeByWalking":false,"restriction":0,"stepsToRemove":100},
{"id":8,"autoRemovalTiming":0,"chanceByDamage":100,"traits":[],"iconIndex":0,"maxTurns":1,"message1":"","message2":"","message3":"","message4":"","minTurns":1,"motion":0,"name":"","note":"","overlay":0,"priority":50,"removeAtBattleEnd":false,"removeByDamage":false,"removeByRestriction":false,"removeByWalking":false,"restriction":0,"stepsToRemove":100},
{"id":9,"autoRemovalTiming":0,"chanceByDamage":100,"traits":[],"iconIndex":0,"maxTurns":1,"message1":"","message2":"","message3":"","message4":"","minTurns":1,"motion":0,"name":"","note":"","overlay":0,"priority":50,"removeAtBattleEnd":false,"removeByDamage":false,"removeByRestriction":false,"removeByWalking":false,"restriction":0,"stepsToRemove":100},
{"id":10,"autoRemovalTiming":0,"chanceByDamage":100,"traits":[],"iconIndex":0,"maxTurns":1,"message1":"","message2":"","message3":"","message4":"","minTurns":1,"motion":0,"name":"","note":"","overlay":0,"priority":50,"removeAtBattleEnd":false,"removeByDamage":false,"removeByRestriction":false,"removeByWalking":false,"restriction":0,"stepsToRemove":100},
{"id":11,"autoRemovalTiming":0,"chanceByDamage":100,"traits":[],"iconIndex":20,"maxTurns":1,"message1":"","message2":"","message3":"","message4":"","minTurns":1,"motion":0,"name":"素数","note":"<Custom Apply Effect>\n$gameSwitches.setValue(13, true)\n</Custom Apply Effect>\n\n<Custom React Effect>\nif ($gameVariables.value(15) >= 16) {\n$gameSwitches.setValue(13, false);\n$gameVariables.setValue(15, 0);\ntarget.removeState(11);\n}\n</Custom React Effect>","overlay":0,"priority":50,"removeAtBattleEnd":false,"removeByDamage":false,"removeByRestriction":false,"removeByWalking":false,"restriction":0,"stepsToRemove":100},
{"id":12,"autoRemovalTiming":0,"chanceByDamage":100,"traits":[],"iconIndex":82,"maxTurns":14,"message1":"","message2":"","message3":"","message4":"","minTurns":14,"motion":0,"name":"加速状態","note":"<TraitAnimation:10>\n\n<Counter Alignment: right>\n<Counter Text Color: 6>\n<Turn Color: 6>\n\n<Custom Apply Effect>\nvar sprite = BattleManager.getSprite($gameActors.actor(1));\nsprite.filters = [new PIXI.filters.GlowFilter(15, 5, 2.2, 0x674EA7, 1)];\n$gameVariables.setValue(2, 7);\n$gameSwitches.setValue(6, true);\nBattleManager.madeInHeavenStart();\n$gameActors.actor(1).residual().setValid(true);\n$gameActors.actor(1).residual().setColorTone([62, 0, 176, 0]);\n$gameActors.actor(1).residual().setPeriod(2);\n$gameActors.actor(1).residual().setDuration(33);\n</Custom Apply Effect>\n\n<Custom Select Effect>\nif (this.isSkill() && !this.isAttack() && this.isForOpponent()) {\n   this._formerItemSuccessRate = this.item().successRate;\n   this.item().successRate = 0;\n}\n</Custom Select Effect>\n\n<Custom Deselect Effect>\nvar paramId = 16;\ntarget._agiExp = target._agiExp || 0;\nvar actorId = target.actorId();\nvar actor = $dataActors[1];\nvar maxAgiExp = paramId;\nif (target.result().missed || target.result().evaded) {\nvar agiExpGain = 1;\ntarget._agiExp += agiExpGain;\n\ntarget.setStateCounter(12, '避' + target._agiExp);\n\nif (target._agiExp >= maxAgiExp) {\nvar agiGain = Math.floor((Math.random() * 3) + 1);;\ntarget.addParam(paramId, agiGain);\ntarget._agiExp = 0;\ntarget.setStateCounter(12, '避' + target._agiExp);\nvar enemy = BattleManager._subject;\nBattleManager.queueForceAction(target, 11, enemy);\n} else {\n\nif (this._formerItemSuccessRate !== undefined) {\n  this.item().successRate = this._formerItemSuccessRate;\n}\n$gameActors.actor(1).startAnimation(3);\n var i = (Math.random(i) * 3);\n $gameVariables.setValue(3, i);\n if ($gameVariables.value(3) >= 0) {\n  $gameParty.set(1, 740, 250, 1)\n }\n if ($gameVariables.value(3) >= 1) {\n  $gameParty.set(1, 740, 300, 1)\n }\n if ($gameVariables.value(3) >= 2) {\n  $gameParty.set(1, 740, 350, 1)\n }\n$gameActors.actor(1).spriteOpacity(255, 1);\n}\n}\n</Custom Deselect Effect>\n\n<Custom Turn End Effect>\nBattleManager.madeInHeavenStart();\n$gameVariables.setValue(2, $gameVariables.value(2) - 1);\nif ($gameVariables.value(2).clamp(5,6) == $gameVariables.value(2)) {\n$gameSwitches.setValue(7, true);\n}\nif ($gameVariables.value(2) == 4) {\n$gameSwitches.setValue(7, false);\n$gameSwitches.setValue(8, true);\n}\nif ($gameVariables.value(2) == 3) {\n\n$gameSwitches.setValue(8, false);\n$gameSwitches.setValue(9, true);\n}\nif ($gameVariables.value(2) == 2) {\n\n$gameSwitches.setValue(9, false);\n$gameSwitches.setValue(10, true);\n}\nif ($gameVariables.value(2) == 1) {\n\n$gameSwitches.setValue(10, false);\n$gameSwitches.setValue(11, true);\n}\nif ($gameVariables.value(2) == 0) {\n$gameSwitches.setValue(11, false);\nBattleManager.queueForceAction(user, 12, -2);\n}\n</Custom Turn End Effect>\n\n<Custom Remove Effect>\nvar sprite = BattleManager.getSprite($gameActors.actor(1));\nsprite.filters = [];\n</Custom Remove Effect>","overlay":0,"priority":50,"removeAtBattleEnd":true,"removeByDamage":false,"removeByRestriction":false,"removeByWalking":false,"restriction":0,"stepsToRemove":100},
{"id":13,"autoRemovalTiming":0,"chanceByDamage":100,"traits":[],"iconIndex":0,"maxTurns":1,"message1":"","message2":"","message3":"","message4":"","minTurns":1,"motion":0,"name":"","note":"","overlay":0,"priority":50,"removeAtBattleEnd":false,"removeByDamage":false,"removeByRestriction":false,"removeByWalking":false,"restriction":0,"stepsToRemove":100},
{"id":14,"autoRemovalTiming":0,"chanceByDamage":100,"traits":[{"code":21,"dataId":6,"value":0},{"code":22,"dataId":1,"value":-10},{"code":22,"dataId":4,"value":-10}],"iconIndex":0,"maxTurns":1,"message1":"","message2":"","message3":"","message4":"","minTurns":1,"motion":0,"name":"敵がおそい状態","note":"//YEP_X_AnimatedSVEnemiesを入れている場合のステート付与\n<Custom Apply Effect>\nthis.enemy().sideviewBreathSpeed = 60;\nthis.enemy().sideviewFrameSpeed = 30;\nthis.enemy().sideviewFloatSpeed = 30;\n</Custom Apply Effect>\n\n//敵サイドビューのフレームスピード\n<Custom Remove Effect>\nthis.enemy().sideviewFloatSpeed = Math.max(1, parseInt(RegExp.$1));\nthis.enemy().sideviewFrameSpeed = Math.max(1, parseInt(RegExp.$1));\nthis.enemy().sideviewBreathing = sideviewBreathing = [2, 3].contains(Yanfly.Param.SVEBreathing);\n</Custom Remove Effect>","overlay":0,"priority":50,"removeAtBattleEnd":true,"removeByDamage":false,"removeByRestriction":false,"removeByWalking":false,"restriction":0,"stepsToRemove":100},
{"id":15,"autoRemovalTiming":0,"chanceByDamage":100,"traits":[],"iconIndex":176,"maxTurns":14,"message1":"","message2":"","message3":"","message4":"","minTurns":14,"motion":0,"name":"14の言葉","note":"<Custom Apply Effect>\nConfigManager['bgmVolume'] = 20;\n$gameSwitches.setValue(20, true)\nvar sprite = SceneManager._scene._spriteset._timerSprite;\nsprite.bitmap.textColor = '#ff0000';\nsprite.redraw();\nAudioManager.playSe({\"name\":\"14の言葉\",\"volume\":80,\"pitch\":105,\"pan\":50})\nBattleManager.abort = function(){};\n$gameTimer.start(1200);\n</Custom Apply Effect>\n\n<Custom React Effect>\nif($gameTimer.seconds() <= 0) {\n$gameActors.actor(1).setStateCounter(15, 14);\n $gameTimer.stop();\n $gameTroop.aliveMembers().forEach(function(enemy) {\n　 enemy.addState(16);\n });\n   target.startAnimation(24);\n   AudioManager.playSe({\"name\":\"秘密の皇帝\",\"volume\":130,\"pitch\":100,\"pan\":-30})\n   var skill = 14;\n   var target = -1;\n   BattleManager.queueForceAction(user, skill, target);\n}\n</Custom React Effect>","overlay":0,"priority":50,"removeAtBattleEnd":true,"removeByDamage":false,"removeByRestriction":false,"removeByWalking":false,"restriction":4,"stepsToRemove":100},
{"id":16,"autoRemovalTiming":0,"chanceByDamage":100,"traits":[],"iconIndex":6,"maxTurns":3,"message1":"","message2":"","message3":"","message4":"","minTurns":3,"motion":0,"name":"敵の行動予約をスキップ","note":"","overlay":0,"priority":50,"removeAtBattleEnd":true,"removeByDamage":false,"removeByRestriction":false,"removeByWalking":false,"restriction":4,"stepsToRemove":100},
{"id":17,"autoRemovalTiming":0,"chanceByDamage":100,"traits":[],"iconIndex":0,"maxTurns":1,"message1":"","message2":"","message3":"","message4":"","minTurns":1,"motion":0,"name":"","note":"","overlay":0,"priority":50,"removeAtBattleEnd":false,"removeByDamage":false,"removeByRestriction":false,"removeByWalking":false,"restriction":0,"stepsToRemove":100},
{"id":18,"autoRemovalTiming":0,"chanceByDamage":100,"traits":[],"iconIndex":0,"maxTurns":1,"message1":"","message2":"","message3":"","message4":"","minTurns":1,"motion":0,"name":"","note":"","overlay":0,"priority":50,"removeAtBattleEnd":false,"removeByDamage":false,"removeByRestriction":false,"removeByWalking":false,"restriction":0,"stepsToRemove":100}
]